user_id,month,category,amount
1,1,shopping,1917
1,1,food,174
1,1,utilities,592
1,1,travel,1393
1,1,food,619
1,1,shopping,453
1,1,food,544
1,1,entertainment,293
1,1,shopping,671
1,1,utilities,1269
1,1,food,679
1,1,food,328
1,1,utilities,526
1,1,utilities,1599
1,1,entertainment,251
1,1,shopping,490
1,1,utilities,672
1,1,travel,1058
1,1,shopping,782
1,1,utilities,1031
1,1,utilities,1796
1,1,shopping,722
1,1,utilities,1569
1,1,shopping,1825
1,1,food,660
1,1,food,677
1,1,food,310
1,1,entertainment,1025
1,1,travel,1153
1,1,utilities,1328
1,1,travel,813
1,1,shopping,1036
1,1,shopping,635
1,1,utilities,1014
1,1,utilities,1413
1,2,entertainment,739
1,2,utilities,549
1,2,food,624
1,2,entertainment,487
1,2,travel,511
1,2,entertainment,1013
1,2,food,179
1,2,utilities,1573
1,2,travel,896
1,2,travel,1417
1,2,entertainment,1084
1,2,food,195
1,2,travel,1170
1,2,food,162
1,2,travel,1525
1,2,utilities,1795
1,2,entertainment,732
1,2,entertainment,860
1,2,food,572
1,2,travel,544
1,2,utilities,639
1,2,entertainment,270
1,2,shopping,1477
1,2,shopping,1314
1,2,entertainment,950
1,2,entertainment,315
1,2,shopping,2139
1,2,entertainment,719
1,2,shopping,2063
1,2,utilities,970
1,2,entertainment,884
1,2,entertainment,622
1,2,shopping,639
1,2,shopping,919
1,2,shopping,1255
2,1,entertainment,523
2,1,travel,777
2,1,food,249
2,1,entertainment,906
2,1,utilities,1559
2,1,travel,457
2,1,utilities,1664
2,1,food,567
2,1,utilities,1203
2,1,entertainment,967
2,1,entertainment,362
2,1,entertainment,970
2,1,food,295
2,1,food,313
2,1,entertainment,482
2,1,food,448
2,1,utilities,507
2,1,food,100
2,1,utilities,709
2,1,utilities,607
2,1,travel,1456
2,1,food,172
2,1,shopping,1841
2,1,shopping,1333
2,1,travel,1433
2,2,entertainment,401
2,2,food,599
2,2,entertainment,1133
2,2,entertainment,788
2,2,food,247
2,2,food,450
2,2,travel,1180
2,2,shopping,2414
2,2,food,310
2,2,utilities,1140
2,2,shopping,410
2,2,utilities,1010
2,2,food,367
2,2,utilities,1151
2,2,shopping,1756
2,2,shopping,2481
2,2,utilities,1429
2,2,travel,1503
2,2,shopping,1099
2,2,shopping,1941
2,2,shopping,1118
2,2,utilities,1409
2,2,travel,1697
2,2,food,128
2,2,travel,1167
2,2,travel,596
2,2,utilities,1105
2,2,entertainment,865
2,2,travel,364
2,2,shopping,718
2,2,shopping,2225
2,2,shopping,1683
2,2,shopping,2276
2,2,utilities,1649
2,2,food,590
2,2,travel,1837
3,1,food,222
3,1,entertainment,558
3,1,entertainment,515
3,1,entertainment,830
3,1,food,505
3,1,entertainment,972
3,1,food,262
3,1,shopping,820
3,1,food,254
3,1,utilities,1353
3,1,shopping,2242
3,1,travel,519
3,1,utilities,1522
3,1,shopping,387
3,1,food,205
3,1,utilities,685
3,1,entertainment,548
3,1,shopping,414
3,1,travel,635
3,1,travel,1226
3,1,shopping,1635
3,1,travel,1314
3,1,entertainment,418
3,1,food,462
3,1,entertainment,1011
3,1,utilities,667
3,1,utilities,710
3,1,utilities,1445
3,1,food,550
3,1,shopping,316
3,1,shopping,1005
3,1,shopping,2239
3,1,utilities,646
3,1,utilities,526
3,1,travel,1597
3,1,utilities,1486
3,1,utilities,1388
3,1,food,673
3,1,food,354
3,1,shopping,1434
3,1,food,200
3,1,utilities,1326
3,1,utilities,457
3,1,food,553
3,1,travel,1454
3,2,utilities,1448
3,2,shopping,1435
3,2,entertainment,1190
3,2,utilities,1379
3,2,utilities,907
3,2,utilities,931
3,2,utilities,814
3,2,entertainment,430
3,2,entertainment,399
3,2,entertainment,1055
3,2,travel,348
3,2,shopping,2054
3,2,food,317
3,2,travel,1805
3,2,food,258
3,2,travel,492
3,2,travel,481
3,2,entertainment,599
3,2,food,507
3,2,entertainment,483
3,2,shopping,961
3,2,entertainment,977
3,2,travel,1062
3,2,shopping,1760
3,2,travel,388
3,2,travel,239
3,2,travel,1334
3,2,entertainment,1052
3,2,food,493
3,2,travel,1259
3,2,utilities,1005
3,2,utilities,531
3,2,food,334
3,2,food,186
3,2,travel,756
3,2,food,285
3,2,travel,1747
3,2,shopping,2029
3,2,travel,1031
3,2,shopping,2497
3,2,utilities,1568
4,1,travel,383
4,1,travel,317
4,1,shopping,2042
4,1,food,375
4,1,food,190
4,1,travel,371
4,1,utilities,855
4,1,food,370
4,1,food,564
4,1,food,447
4,1,utilities,1255
4,1,travel,1473
4,1,shopping,476
4,1,utilities,888
4,1,food,265
4,1,travel,303
4,1,shopping,1126
4,1,travel,1487
4,1,travel,1287
4,1,shopping,1487
4,1,entertainment,1174
4,1,shopping,1408
4,1,travel,1845
4,1,food,356
4,1,food,115
4,1,food,617
4,1,utilities,788
4,1,utilities,1372
4,1,shopping,2131
4,1,food,542
4,1,entertainment,955
4,1,utilities,1030
4,1,shopping,1240
4,1,travel,606
4,1,shopping,1957
4,1,travel,311
4,1,shopping,358
4,1,food,361
4,1,entertainment,484
4,1,food,186
4,2,utilities,1773
4,2,travel,1426
4,2,shopping,1500
4,2,food,570
4,2,shopping,945
4,2,travel,1113
4,2,food,369
4,2,travel,873
4,2,utilities,1062
4,2,shopping,441
4,2,travel,646
4,2,travel,574
4,2,food,443
4,2,entertainment,321
4,2,entertainment,721
4,2,utilities,1743
4,2,shopping,1316
4,2,utilities,410
4,2,food,370
4,2,food,247
4,2,entertainment,235
4,2,entertainment,196
4,2,travel,823
4,2,shopping,646
4,2,utilities,1483
4,2,shopping,1895
4,2,travel,1675
4,2,entertainment,456
4,2,travel,1683
4,2,utilities,1717
4,2,shopping,479
4,2,utilities,1684
4,2,entertainment,1185
4,2,shopping,2445
4,2,utilities,1564
4,2,food,698
4,2,shopping,648
5,1,food,236
5,1,travel,414
5,1,entertainment,1074
5,1,utilities,503
5,1,food,644
5,1,shopping,2304
5,1,travel,206
5,1,entertainment,293
5,1,utilities,1496
5,1,food,638
5,1,food,585
5,1,travel,1857
5,1,food,371
5,1,shopping,1140
5,1,shopping,2185
5,1,entertainment,933
5,1,food,590
5,1,travel,1770
5,1,food,303
5,1,food,250
5,1,travel,720
5,1,travel,1472
5,1,utilities,673
5,1,food,593
5,1,food,597
5,2,food,322
5,2,entertainment,745
5,2,utilities,984
5,2,entertainment,1104
5,2,entertainment,392
5,2,utilities,808
5,2,travel,375
5,2,entertainment,185
5,2,travel,1139
5,2,food,618
5,2,entertainment,700
5,2,entertainment,579
5,2,shopping,605
5,2,utilities,584
5,2,shopping,2446
5,2,travel,936
5,2,shopping,2383
5,2,travel,430
5,2,travel,673
5,2,entertainment,1145
5,2,entertainment,200
5,2,shopping,314
5,2,entertainment,1073
5,2,entertainment,768
5,2,shopping,2004
5,2,travel,970
5,2,travel,447
5,2,travel,203
5,2,travel,1737
5,2,travel,1918
5,2,entertainment,395
5,2,shopping,348
5,2,travel,718
6,1,food,502
6,1,entertainment,306
6,1,travel,1076
6,1,travel,1949
6,1,food,387
6,1,food,152
6,1,travel,1500
6,1,shopping,1321
6,1,travel,1093
6,1,utilities,1046
6,1,shopping,1829
6,1,entertainment,209
6,1,entertainment,566
6,1,food,150
6,1,entertainment,1073
6,1,utilities,683
6,1,travel,1194
6,1,food,663
6,1,shopping,999
6,1,entertainment,999
6,1,travel,777
6,1,travel,723
6,1,travel,1031
6,1,shopping,1532
6,1,entertainment,957
6,1,food,271
6,1,shopping,607
6,1,shopping,2350
6,1,entertainment,600
6,1,entertainment,831
6,1,entertainment,1025
6,1,shopping,1088
6,1,shopping,671
6,1,shopping,1700
6,1,utilities,586
6,1,travel,689
6,2,travel,1857
6,2,utilities,813
6,2,food,522
6,2,entertainment,997
6,2,utilities,830
6,2,entertainment,703
6,2,travel,1740
6,2,food,610
6,2,travel,1376
6,2,travel,457
6,2,utilities,1483
6,2,shopping,679
6,2,travel,708
6,2,entertainment,968
6,2,entertainment,1034
6,2,travel,1938
6,2,food,230
6,2,food,535
6,2,entertainment,1153
6,2,food,174
6,2,entertainment,1108
6,2,entertainment,658
6,2,food,329
6,2,shopping,922
6,2,utilities,1796
6,2,food,568
6,2,food,664
6,2,food,101
6,2,shopping,1252
6,2,utilities,476
6,2,travel,462
6,2,travel,1281
6,2,entertainment,379
6,2,food,172
6,2,travel,1274
6,2,utilities,792
7,1,travel,657
7,1,utilities,402
7,1,food,650
7,1,travel,1143
7,1,travel,847
7,1,shopping,2246
7,1,utilities,880
7,1,utilities,905
7,1,food,521
7,1,travel,313
7,1,food,298
7,1,entertainment,1010
7,1,food,363
7,1,shopping,2038
7,1,travel,664
7,1,entertainment,219
7,1,travel,1671
7,1,entertainment,892
7,1,entertainment,555
7,1,food,399
7,1,utilities,538
7,1,shopping,2330
7,1,shopping,1576
7,1,shopping,1245
7,1,entertainment,603
7,1,travel,1757
7,1,travel,423
7,1,utilities,1415
7,1,utilities,783
7,1,shopping,2286
7,1,entertainment,265
7,1,utilities,699
7,1,entertainment,261
7,1,shopping,396
7,1,utilities,690
7,1,entertainment,256
7,1,food,288
7,2,entertainment,793
7,2,food,181
7,2,shopping,1648
7,2,shopping,1059
7,2,utilities,1357
7,2,food,419
7,2,entertainment,915
7,2,travel,1106
7,2,shopping,746
7,2,food,180
7,2,travel,365
7,2,travel,1060
7,2,food,674
7,2,shopping,1857
7,2,travel,1774
7,2,travel,1883
7,2,entertainment,329
7,2,food,584
7,2,shopping,1826
7,2,utilities,1314
7,2,shopping,1624
7,2,travel,1710
7,2,entertainment,212
7,2,entertainment,657
7,2,entertainment,233
7,2,entertainment,221
7,2,entertainment,278
7,2,food,363
7,2,shopping,557
7,2,utilities,1094
7,2,travel,757
7,2,travel,1463
7,2,food,368
7,2,travel,764
7,2,travel,207
7,2,utilities,1698
7,2,food,124
8,1,food,586
8,1,entertainment,941
8,1,travel,1080
8,1,entertainment,421
8,1,entertainment,524
8,1,food,410
8,1,shopping,1267
8,1,travel,1963
8,1,travel,1143
8,1,travel,1805
8,1,utilities,561
8,1,utilities,804
8,1,entertainment,477
8,1,shopping,1970
8,1,food,134
8,1,entertainment,817
8,1,shopping,2047
8,1,food,173
8,1,travel,1479
8,1,food,313
8,1,food,531
8,1,entertainment,1065
8,1,shopping,1259
8,1,shopping,2007
8,1,entertainment,631
8,1,utilities,1760
8,1,food,400
8,1,travel,772
8,1,utilities,948
8,1,travel,720
8,1,travel,607
8,1,entertainment,656
8,2,shopping,1264
8,2,shopping,1452
8,2,utilities,785
8,2,travel,332
8,2,entertainment,665
8,2,shopping,2378
8,2,utilities,873
8,2,food,575
8,2,food,204
8,2,food,586
8,2,shopping,2136
8,2,travel,282
8,2,travel,676
8,2,food,151
8,2,shopping,1095
8,2,food,481
8,2,utilities,764
8,2,entertainment,682
8,2,food,208
8,2,utilities,1669
8,2,travel,645
8,2,food,477
8,2,travel,489
8,2,food,308
8,2,travel,278
8,2,utilities,1734
8,2,shopping,346
8,2,travel,1037
8,2,travel,579
8,2,utilities,1039
9,1,shopping,428
9,1,entertainment,1140
9,1,food,517
9,1,food,504
9,1,utilities,716
9,1,utilities,586
9,1,shopping,1929
9,1,travel,1039
9,1,travel,1567
9,1,travel,1055
9,1,food,419
9,1,utilities,1131
9,1,entertainment,1002
9,1,food,472
9,1,shopping,1900
9,1,entertainment,567
9,1,food,544
9,1,shopping,2035
9,1,food,192
9,1,entertainment,896
9,1,entertainment,482
9,1,shopping,360
9,1,food,664
9,1,shopping,1924
9,1,food,686
9,1,utilities,1159
9,1,utilities,751
9,2,travel,780
9,2,shopping,2434
9,2,shopping,574
9,2,food,492
9,2,entertainment,554
9,2,travel,459
9,2,food,594
9,2,travel,309
9,2,utilities,1703
9,2,entertainment,326
9,2,utilities,728
9,2,shopping,1956
9,2,utilities,801
9,2,entertainment,524
9,2,utilities,846
9,2,food,509
9,2,utilities,720
9,2,entertainment,885
9,2,food,253
9,2,shopping,1088
9,2,food,675
9,2,food,431
9,2,food,499
9,2,utilities,1333
9,2,utilities,1684
9,2,travel,1529
9,2,entertainment,781
9,2,utilities,910
9,2,entertainment,947
10,1,entertainment,1181
10,1,entertainment,516
10,1,food,103
10,1,utilities,1402
10,1,entertainment,631
10,1,entertainment,1088
10,1,shopping,2238
10,1,entertainment,369
10,1,food,231
10,1,travel,1081
10,1,travel,387
10,1,entertainment,1182
10,1,utilities,1745
10,1,food,141
10,1,shopping,636
10,1,travel,1792
10,1,utilities,563
10,1,food,616
10,1,entertainment,428
10,1,food,167
10,1,utilities,624
10,1,shopping,839
10,1,entertainment,739
10,1,shopping,1205
10,1,food,459
10,1,utilities,916
10,1,shopping,1626
10,1,utilities,963
10,1,entertainment,444
10,1,travel,1228
10,1,entertainment,576
10,1,utilities,938
10,1,utilities,1436
10,1,shopping,1606
10,1,travel,275
10,1,shopping,1045
10,2,shopping,1439
10,2,travel,971
10,2,shopping,1382
10,2,food,643
10,2,food,468
10,2,entertainment,364
10,2,travel,1297
10,2,entertainment,910
10,2,travel,969
10,2,travel,1382
10,2,shopping,1775
10,2,travel,1765
10,2,food,552
10,2,shopping,1023
10,2,utilities,498
10,2,travel,1879
10,2,utilities,919
10,2,travel,1509
10,2,utilities,1759
10,2,travel,1701
10,2,food,134
10,2,shopping,911
10,2,travel,1461
10,2,entertainment,1005
10,2,utilities,1145
10,2,food,235
10,2,entertainment,615
10,2,utilities,1737
10,2,food,122
10,2,food,102
10,2,utilities,1126
10,2,travel,417
10,2,utilities,1131
10,2,utilities,859
10,2,entertainment,766
10,2,utilities,673
10,2,shopping,1800
11,1,entertainment,474
11,1,shopping,357
11,1,shopping,911
11,1,entertainment,346
11,1,food,248
11,1,travel,1023
11,1,travel,223
11,1,food,675
11,1,travel,1417
11,1,utilities,1308
11,1,utilities,1460
11,1,entertainment,658
11,1,shopping,301
11,1,food,163
11,1,utilities,451
11,1,entertainment,530
11,1,shopping,952
11,1,food,207
11,1,food,664
11,1,shopping,882
11,1,entertainment,558
11,1,utilities,1645
11,1,utilities,1726
11,1,entertainment,507
11,1,utilities,1033
11,1,food,407
11,1,food,589
11,1,utilities,413
11,1,entertainment,1044
11,1,entertainment,314
11,1,entertainment,509
11,1,shopping,731
11,1,travel,675
11,1,food,226
11,1,travel,1735
11,1,travel,1657
11,1,food,372
11,1,utilities,1791
11,1,entertainment,693
11,1,travel,1514
11,1,shopping,649
11,1,utilities,431
11,1,shopping,1366
11,1,shopping,1130
11,2,travel,593
11,2,entertainment,822
11,2,utilities,889
11,2,entertainment,1111
11,2,entertainment,163
11,2,food,547
11,2,shopping,1560
11,2,shopping,1903
11,2,utilities,1598
11,2,food,678
11,2,shopping,892
11,2,food,127
11,2,food,209
11,2,utilities,731
11,2,travel,490
11,2,food,131
11,2,food,241
11,2,food,169
11,2,food,167
11,2,utilities,1144
11,2,shopping,2486
11,2,food,493
11,2,food,352
11,2,shopping,1132
11,2,food,134
11,2,food,189
11,2,travel,1177
11,2,food,235
11,2,food,309
11,2,travel,853
12,1,entertainment,684
12,1,food,459
12,1,travel,778
12,1,food,476
12,1,travel,1775
12,1,utilities,1431
12,1,entertainment,739
12,1,utilities,463
12,1,entertainment,213
12,1,entertainment,351
12,1,travel,1160
12,1,food,650
12,1,utilities,843
12,1,food,688
12,1,travel,548
12,1,entertainment,152
12,1,utilities,813
12,1,travel,1760
12,1,food,104
12,1,travel,1205
12,1,food,603
12,1,shopping,2325
12,1,utilities,1111
12,1,utilities,933
12,1,utilities,725
12,1,travel,1869
12,1,shopping,1248
12,1,entertainment,489
12,1,food,182
12,1,entertainment,364
12,1,travel,928
12,1,food,510
12,1,entertainment,326
12,1,entertainment,201
12,1,travel,622
12,2,travel,1076
12,2,utilities,1426
12,2,shopping,1853
12,2,shopping,2187
12,2,shopping,2477
12,2,utilities,1639
12,2,food,456
12,2,utilities,1069
12,2,utilities,718
12,2,entertainment,812
12,2,shopping,2197
12,2,entertainment,676
12,2,utilities,873
12,2,shopping,1668
12,2,entertainment,637
12,2,utilities,792
12,2,travel,817
12,2,utilities,716
12,2,shopping,1314
12,2,travel,1434
12,2,utilities,1113
12,2,shopping,1267
12,2,travel,587
12,2,travel,1692
12,2,food,268
12,2,food,300
12,2,entertainment,459
12,2,shopping,1537
12,2,travel,1090
12,2,travel,601
12,2,food,209
12,2,travel,622
12,2,entertainment,1100
12,2,food,112
13,1,entertainment,605
13,1,utilities,1695
13,1,travel,1148
13,1,food,245
13,1,travel,1436
13,1,entertainment,161
13,1,shopping,2061
13,1,utilities,1603
13,1,entertainment,618
13,1,utilities,868
13,1,shopping,808
13,1,entertainment,1035
13,1,travel,732
13,1,food,529
13,1,shopping,1938
13,1,shopping,1324
13,1,entertainment,1138
13,1,entertainment,190
13,1,utilities,1238
13,1,utilities,1782
13,1,shopping,1643
13,1,food,498
13,1,entertainment,367
13,1,food,357
13,1,utilities,846
13,1,shopping,1118
13,1,utilities,1113
13,1,food,688
13,1,entertainment,569
13,1,entertainment,1198
13,1,food,478
13,1,utilities,1102
13,1,entertainment,1085
13,1,shopping,1052
13,1,entertainment,400
13,1,utilities,1128
13,1,food,358
13,2,entertainment,968
13,2,food,113
13,2,food,528
13,2,entertainment,871
13,2,utilities,943
13,2,food,329
13,2,travel,1718
13,2,entertainment,598
13,2,entertainment,1096
13,2,shopping,973
13,2,shopping,582
13,2,shopping,2221
13,2,utilities,862
13,2,shopping,1746
13,2,entertainment,1108
13,2,travel,1756
13,2,utilities,1730
13,2,shopping,2222
13,2,travel,1804
13,2,shopping,1395
13,2,entertainment,669
13,2,entertainment,530
13,2,entertainment,155
13,2,travel,933
13,2,shopping,1536
13,2,travel,1182
13,2,entertainment,1027
13,2,utilities,1705
13,2,food,471
13,2,shopping,1541
13,2,entertainment,266
13,2,food,678
13,2,travel,1805
14,1,utilities,1106
14,1,utilities,430
14,1,food,314
14,1,food,400
14,1,travel,1445
14,1,food,692
14,1,shopping,1256
14,1,shopping,2151
14,1,travel,1807
14,1,shopping,1154
14,1,entertainment,493
14,1,utilities,1645
14,1,food,661
14,1,travel,604
14,1,entertainment,586
14,1,utilities,561
14,1,entertainment,389
14,1,utilities,642
14,1,travel,1058
14,1,shopping,870
14,1,entertainment,1159
14,1,utilities,519
14,1,entertainment,1106
14,1,shopping,2312
14,1,shopping,2340
14,1,shopping,327
14,1,shopping,1613
14,1,entertainment,1169
14,1,travel,1921
14,2,travel,1072
14,2,entertainment,304
14,2,shopping,1776
14,2,food,121
14,2,utilities,493
14,2,travel,1856
14,2,food,622
14,2,entertainment,1142
14,2,shopping,438
14,2,shopping,2002
14,2,shopping,1686
14,2,food,474
14,2,travel,1171
14,2,utilities,1534
14,2,shopping,1463
14,2,entertainment,850
14,2,entertainment,665
14,2,utilities,507
14,2,travel,799
14,2,travel,1895
14,2,entertainment,976
14,2,travel,1231
14,2,travel,1987
14,2,utilities,1106
14,2,shopping,2316
14,2,food,438
14,2,shopping,1598
14,2,travel,461
14,2,utilities,1700
14,2,food,141
14,2,entertainment,981
14,2,utilities,1575
14,2,food,508
14,2,travel,422
14,2,food,147
14,2,shopping,2245
14,2,utilities,1747
14,2,food,612
14,2,utilities,1652
15,1,utilities,701
15,1,utilities,1794
15,1,food,317
15,1,food,568
15,1,shopping,715
15,1,shopping,451
15,1,entertainment,356
15,1,food,477
15,1,shopping,1567
15,1,utilities,928
15,1,travel,578
15,1,entertainment,220
15,1,travel,241
15,1,entertainment,261
15,1,entertainment,230
15,1,food,531
15,1,utilities,1228
15,1,entertainment,287
15,1,food,496
15,1,utilities,1612
15,1,shopping,2247
15,1,entertainment,358
15,1,food,583
15,1,shopping,921
15,1,food,537
15,1,food,109
15,1,food,190
15,1,shopping,797
15,1,shopping,2234
15,1,food,382
15,1,utilities,896
15,1,entertainment,533
15,1,food,474
15,1,shopping,645
15,1,travel,1487
15,1,utilities,1420
15,1,entertainment,670
15,2,food,111
15,2,food,115
15,2,utilities,563
15,2,entertainment,787
15,2,travel,1693
15,2,utilities,739
15,2,entertainment,272
15,2,travel,952
15,2,utilities,1298
15,2,entertainment,490
15,2,shopping,778
15,2,travel,1520
15,2,shopping,2011
15,2,entertainment,939
15,2,entertainment,707
15,2,utilities,1083
15,2,travel,773
15,2,food,440
15,2,utilities,431
15,2,shopping,1564
15,2,utilities,1277
15,2,shopping,1842
15,2,entertainment,920
15,2,utilities,879
15,2,entertainment,730
15,2,food,429
16,1,travel,1065
16,1,shopping,473
16,1,travel,1906
16,1,shopping,902
16,1,travel,1943
16,1,utilities,1423
16,1,travel,1294
16,1,food,652
16,1,utilities,1392
16,1,entertainment,560
16,1,shopping,1567
16,1,utilities,517
16,1,entertainment,1102
16,1,shopping,1343
16,1,utilities,419
16,1,entertainment,1091
16,1,utilities,579
16,1,utilities,1127
16,1,food,338
16,1,entertainment,681
16,1,utilities,1057
16,1,entertainment,1186
16,1,utilities,813
16,1,shopping,1171
16,1,shopping,677
16,1,shopping,1487
16,1,travel,1383
16,1,utilities,1135
16,1,entertainment,455
16,1,shopping,482
16,1,entertainment,916
16,1,food,480
16,1,entertainment,317
16,2,travel,1423
16,2,food,453
16,2,travel,1263
16,2,utilities,442
16,2,food,134
16,2,shopping,2291
16,2,utilities,1561
16,2,shopping,1371
16,2,travel,1072
16,2,food,557
16,2,utilities,1646
16,2,shopping,1340
16,2,food,446
16,2,shopping,1040
16,2,entertainment,321
16,2,food,152
16,2,food,670
16,2,travel,1983
16,2,entertainment,1147
16,2,food,506
16,2,food,192
16,2,travel,852
16,2,utilities,877
16,2,food,618
16,2,entertainment,524
16,2,entertainment,477
16,2,travel,681
16,2,shopping,1005
16,2,food,362
17,1,food,666
17,1,food,148
17,1,travel,1810
17,1,utilities,1724
17,1,entertainment,264
17,1,food,248
17,1,travel,1746
17,1,food,303
17,1,travel,1407
17,1,utilities,1303
17,1,food,582
17,1,travel,961
17,1,travel,998
17,1,food,483
17,1,entertainment,927
17,1,shopping,2107
17,1,shopping,886
17,1,food,579
17,1,shopping,447
17,1,shopping,1203
17,1,food,482
17,1,shopping,2131
17,1,food,494
17,1,food,176
17,1,entertainment,845
17,1,travel,1885
17,1,shopping,2255
17,1,food,474
17,1,shopping,1659
17,1,shopping,532
17,1,shopping,2148
17,1,utilities,696
17,1,entertainment,455
17,1,travel,1056
17,1,entertainment,655
17,1,shopping,404
17,2,utilities,1007
17,2,travel,1846
17,2,shopping,1367
17,2,entertainment,373
17,2,travel,1134
17,2,entertainment,383
17,2,shopping,2403
17,2,food,316
17,2,utilities,1377
17,2,travel,444
17,2,travel,1745
17,2,shopping,1792
17,2,entertainment,685
17,2,shopping,1275
17,2,food,499
17,2,travel,1051
17,2,shopping,535
17,2,travel,495
17,2,food,552
17,2,utilities,1098
17,2,utilities,687
17,2,entertainment,153
17,2,utilities,986
17,2,shopping,1774
17,2,entertainment,233
17,2,entertainment,597
17,2,travel,1370
17,2,shopping,865
17,2,shopping,2436
17,2,shopping,1019
17,2,shopping,624
17,2,food,607
17,2,travel,559
18,1,shopping,1087
18,1,utilities,1030
18,1,shopping,341
18,1,food,632
18,1,entertainment,263
18,1,utilities,1111
18,1,travel,777
18,1,entertainment,334
18,1,food,519
18,1,entertainment,422
18,1,travel,708
18,1,shopping,1803
18,1,food,267
18,1,travel,1377
18,1,utilities,409
18,1,travel,1264
18,1,entertainment,296
18,1,food,465
18,1,shopping,1614
18,1,entertainment,275
18,1,travel,1987
18,1,food,606
18,1,entertainment,202
18,1,utilities,1500
18,1,shopping,384
18,1,shopping,662
18,1,shopping,1047
18,1,shopping,720
18,1,travel,712
18,1,utilities,461
18,1,food,198
18,2,travel,236
18,2,utilities,1704
18,2,utilities,1350
18,2,utilities,888
18,2,entertainment,360
18,2,travel,1980
18,2,food,283
18,2,food,379
18,2,food,576
18,2,entertainment,1175
18,2,travel,425
18,2,food,224
18,2,entertainment,430
18,2,utilities,1612
18,2,shopping,1229
18,2,shopping,2192
18,2,entertainment,486
18,2,food,498
18,2,entertainment,224
18,2,entertainment,256
18,2,travel,893
18,2,entertainment,642
18,2,travel,1665
18,2,entertainment,806
18,2,entertainment,259
18,2,travel,1259
18,2,shopping,1747
18,2,shopping,2029
18,2,food,473
18,2,food,643
18,2,shopping,583
19,1,entertainment,561
19,1,utilities,1770
19,1,food,330
19,1,shopping,2023
19,1,entertainment,1079
19,1,food,141
19,1,food,372
19,1,utilities,959
19,1,utilities,473
19,1,utilities,605
19,1,travel,449
19,1,utilities,427
19,1,entertainment,634
19,1,food,394
19,1,food,412
19,1,travel,1526
19,1,shopping,793
19,1,food,626
19,1,travel,373
19,1,entertainment,453
19,1,entertainment,403
19,1,utilities,669
19,1,travel,1032
19,1,utilities,990
19,1,travel,698
19,1,food,659
19,1,travel,1919
19,1,entertainment,603
19,1,entertainment,562
19,1,utilities,1151
19,1,entertainment,771
19,1,utilities,1378
19,1,entertainment,785
19,1,food,348
19,1,travel,653
19,2,utilities,1518
19,2,entertainment,961
19,2,food,461
19,2,shopping,1277
19,2,travel,1340
19,2,travel,1206
19,2,travel,783
19,2,shopping,1510
19,2,food,122
19,2,shopping,573
19,2,utilities,1112
19,2,entertainment,277
19,2,utilities,1194
19,2,entertainment,875
19,2,food,633
19,2,shopping,932
19,2,entertainment,840
19,2,travel,487
19,2,shopping,1433
19,2,utilities,594
19,2,entertainment,700
19,2,shopping,1991
19,2,food,104
19,2,entertainment,390
19,2,entertainment,964
19,2,utilities,706
19,2,entertainment,722
19,2,utilities,1643
19,2,food,488
19,2,entertainment,1087
19,2,travel,1680
20,1,travel,922
20,1,entertainment,937
20,1,travel,213
20,1,entertainment,929
20,1,entertainment,764
20,1,shopping,2499
20,1,travel,1844
20,1,shopping,2084
20,1,utilities,1172
20,1,utilities,875
20,1,food,438
20,1,travel,1927
20,1,utilities,896
20,1,travel,618
20,1,entertainment,171
20,1,food,148
20,1,travel,1356
20,1,entertainment,764
20,1,utilities,1039
20,1,utilities,1669
20,1,entertainment,1030
20,1,entertainment,1100
20,1,travel,283
20,1,utilities,1784
20,1,travel,1127
20,1,food,169
20,1,utilities,869
20,1,food,519
20,1,travel,1225
20,1,entertainment,465
20,1,shopping,2025
20,1,entertainment,972
20,1,entertainment,853
20,1,utilities,588
20,1,shopping,1785
20,1,travel,950
20,2,travel,1249
20,2,shopping,752
20,2,travel,1612
20,2,travel,1880
20,2,utilities,1261
20,2,shopping,2446
20,2,travel,1871
20,2,utilities,825
20,2,utilities,785
20,2,entertainment,523
20,2,food,678
20,2,utilities,618
20,2,travel,1367
20,2,food,521
20,2,food,102
20,2,travel,1655
20,2,utilities,408
20,2,travel,1014
20,2,food,700
20,2,food,130
20,2,shopping,1017
20,2,entertainment,694
20,2,utilities,1453
20,2,shopping,1113
20,2,entertainment,398
20,2,shopping,942
20,2,utilities,1443
21,1,food,202
21,1,food,274
21,1,utilities,1404
21,1,entertainment,1031
21,1,food,112
21,1,utilities,1061
21,1,shopping,1275
21,1,travel,764
21,1,shopping,434
21,1,travel,1487
21,1,food,696
21,1,food,457
21,1,shopping,2142
21,1,utilities,1189
21,1,food,155
21,1,shopping,1921
21,1,utilities,489
21,1,entertainment,261
21,1,utilities,888
21,1,shopping,1212
21,1,food,263
21,1,utilities,755
21,1,travel,212
21,1,entertainment,771
21,1,entertainment,666
21,1,entertainment,288
21,1,shopping,1896
21,1,utilities,853
21,2,travel,1016
21,2,entertainment,195
21,2,shopping,658
21,2,shopping,996
21,2,travel,976
21,2,shopping,331
21,2,travel,1011
21,2,utilities,1143
21,2,food,443
21,2,utilities,1189
21,2,travel,1025
21,2,food,226
21,2,entertainment,869
21,2,utilities,901
21,2,entertainment,541
21,2,entertainment,730
21,2,travel,685
21,2,entertainment,221
21,2,travel,1560
21,2,food,449
21,2,shopping,1290
21,2,shopping,679
21,2,shopping,1404
21,2,utilities,661
21,2,utilities,1307
21,2,entertainment,641
21,2,shopping,1806
21,2,travel,643
21,2,entertainment,921
21,2,utilities,826
21,2,travel,1174
21,2,utilities,818
21,2,shopping,2154
21,2,shopping,1368
21,2,utilities,1301
21,2,utilities,1153
21,2,utilities,904
21,2,entertainment,1194
22,1,shopping,802
22,1,utilities,587
22,1,utilities,953
22,1,entertainment,208
22,1,utilities,697
22,1,travel,230
22,1,entertainment,326
22,1,shopping,1248
22,1,travel,585
22,1,food,169
22,1,utilities,1140
22,1,utilities,1008
22,1,shopping,569
22,1,travel,380
22,1,shopping,1481
22,1,shopping,1934
22,1,travel,928
22,1,entertainment,1101
22,1,shopping,1432
22,1,shopping,421
22,1,travel,1591
22,1,travel,1044
22,1,food,573
22,1,shopping,1940
22,1,travel,1487
22,1,food,286
22,1,travel,435
22,1,travel,1447
22,1,shopping,465
22,1,entertainment,231
22,1,utilities,731
22,2,shopping,1541
22,2,shopping,1859
22,2,food,665
22,2,travel,1489
22,2,shopping,1232
22,2,utilities,1419
22,2,utilities,921
22,2,entertainment,864
22,2,food,214
22,2,travel,287
22,2,utilities,1643
22,2,food,350
22,2,food,138
22,2,travel,630
22,2,travel,1735
22,2,food,527
22,2,entertainment,602
22,2,travel,1279
22,2,food,457
22,2,entertainment,1056
22,2,travel,1616
22,2,utilities,1686
22,2,entertainment,1191
22,2,food,310
22,2,entertainment,1198
22,2,shopping,2305
22,2,shopping,478
22,2,utilities,934
22,2,shopping,970
22,2,shopping,1366
22,2,shopping,543
22,2,shopping,1765
22,2,travel,1043
22,2,food,306
22,2,travel,480
22,2,shopping,2292
22,2,entertainment,637
22,2,shopping,324
23,1,entertainment,422
23,1,travel,1629
23,1,travel,473
23,1,shopping,1286
23,1,travel,1489
23,1,food,661
23,1,entertainment,496
23,1,shopping,2188
23,1,entertainment,572
23,1,food,396
23,1,food,469
23,1,entertainment,572
23,1,food,161
23,1,travel,822
23,1,shopping,752
23,1,travel,1117
23,1,food,265
23,1,travel,1111
23,1,entertainment,893
23,1,travel,544
23,1,utilities,547
23,1,food,111
23,1,entertainment,1144
23,1,food,439
23,1,utilities,941
23,1,food,600
23,1,entertainment,1150
23,1,shopping,1618
23,1,food,467
23,1,food,392
23,1,utilities,1736
23,1,travel,1537
23,1,shopping,620
23,1,shopping,413
23,1,food,504
23,1,shopping,1513
23,1,travel,580
23,1,utilities,1796
23,1,shopping,718
23,1,travel,1720
23,1,utilities,1069
23,2,shopping,1759
23,2,travel,671
23,2,travel,479
23,2,utilities,1156
23,2,travel,690
23,2,food,142
23,2,food,680
23,2,entertainment,253
23,2,shopping,2324
23,2,entertainment,1173
23,2,shopping,1527
23,2,utilities,1590
23,2,food,245
23,2,shopping,970
23,2,shopping,2115
23,2,entertainment,333
23,2,food,550
23,2,entertainment,540
23,2,shopping,1825
23,2,food,132
23,2,utilities,1447
23,2,entertainment,443
23,2,travel,347
23,2,food,626
23,2,entertainment,843
23,2,food,549
23,2,food,280
23,2,shopping,1851
23,2,travel,208
23,2,entertainment,862
23,2,utilities,800
23,2,entertainment,324
23,2,utilities,1062
23,2,utilities,1343
23,2,entertainment,466
23,2,entertainment,316
23,2,food,439
24,1,travel,1357
24,1,utilities,1262
24,1,travel,1184
24,1,shopping,1525
24,1,travel,1286
24,1,food,293
24,1,shopping,2132
24,1,food,250
24,1,utilities,1161
24,1,utilities,1589
24,1,entertainment,887
24,1,utilities,892
24,1,utilities,1303
24,1,entertainment,684
24,1,food,332
24,1,shopping,1130
24,1,utilities,629
24,1,shopping,1338
24,1,food,292
24,1,utilities,1772
24,1,travel,1652
24,1,entertainment,614
24,1,utilities,1338
24,1,shopping,762
24,1,utilities,1605
24,1,utilities,564
24,1,entertainment,300
24,1,entertainment,425
24,1,utilities,1527
24,1,utilities,634
24,1,utilities,609
24,1,entertainment,952
24,1,utilities,750
24,1,shopping,2246
24,1,food,240
24,1,travel,1789
24,1,utilities,517
24,1,entertainment,635
24,1,food,481
24,1,food,115
24,1,utilities,836
24,1,entertainment,764
24,1,food,238
24,1,entertainment,329
24,2,shopping,769
24,2,travel,544
24,2,travel,1726
24,2,travel,1846
24,2,food,361
24,2,food,345
24,2,travel,1250
24,2,utilities,1131
24,2,entertainment,239
24,2,utilities,1123
24,2,food,464
24,2,utilities,1070
24,2,utilities,631
24,2,food,348
24,2,travel,925
24,2,shopping,2129
24,2,food,695
24,2,entertainment,382
24,2,food,599
24,2,food,175
24,2,travel,579
24,2,shopping,1487
24,2,entertainment,445
24,2,utilities,912
24,2,utilities,950
24,2,entertainment,178
24,2,food,450
24,2,shopping,2295
24,2,utilities,1391
24,2,food,136
24,2,food,286
24,2,utilities,1720
24,2,utilities,1203
24,2,entertainment,474
24,2,entertainment,955
24,2,shopping,2417
24,2,food,469
24,2,travel,1281
24,2,shopping,1574
24,2,shopping,478
24,2,shopping,995
24,2,travel,1689
24,2,entertainment,828
24,2,utilities,1359
25,1,travel,843
25,1,food,443
25,1,utilities,1390
25,1,travel,664
25,1,food,354
25,1,entertainment,242
25,1,shopping,888
25,1,travel,987
25,1,travel,330
25,1,utilities,936
25,1,travel,1365
25,1,utilities,1481
25,1,utilities,684
25,1,food,674
25,1,food,304
25,1,entertainment,352
25,1,travel,1821
25,1,travel,1824
25,1,shopping,878
25,1,food,411
25,1,travel,1714
25,1,travel,1242
25,1,shopping,1735
25,1,utilities,1231
25,1,travel,323
25,1,travel,1575
25,1,travel,1802
25,1,entertainment,1181
25,1,travel,698
25,1,shopping,1730
25,1,shopping,855
25,1,shopping,329
25,1,entertainment,979
25,1,entertainment,961
25,1,utilities,1019
25,1,shopping,571
25,1,shopping,1534
25,2,travel,1688
25,2,utilities,1529
25,2,travel,350
25,2,shopping,627
25,2,utilities,766
25,2,travel,1388
25,2,travel,1158
25,2,travel,1786
25,2,entertainment,288
25,2,entertainment,803
25,2,shopping,1429
25,2,travel,1319
25,2,food,268
25,2,travel,685
25,2,food,323
25,2,food,509
25,2,entertainment,560
25,2,utilities,978
25,2,utilities,1727
25,2,food,301
25,2,shopping,532
25,2,shopping,499
25,2,food,175
25,2,utilities,1098
25,2,shopping,320
25,2,shopping,1408
25,2,utilities,1715
25,2,food,430
25,2,food,317
25,2,travel,869
25,2,food,597
25,2,entertainment,841
25,2,shopping,535
25,2,entertainment,243
26,1,utilities,1085
26,1,entertainment,968
26,1,travel,1148
26,1,food,126
26,1,travel,1355
26,1,travel,314
26,1,entertainment,824
26,1,shopping,682
26,1,food,259
26,1,shopping,884
26,1,utilities,584
26,1,travel,1867
26,1,travel,1066
26,1,travel,1303
26,1,utilities,1536
26,1,shopping,1655
26,1,shopping,1356
26,1,entertainment,214
26,1,travel,1534
26,1,utilities,1328
26,1,utilities,969
26,1,travel,1271
26,1,utilities,961
26,1,shopping,1335
26,1,food,671
26,1,entertainment,354
26,1,travel,508
26,2,shopping,1941
26,2,food,128
26,2,utilities,674
26,2,food,161
26,2,utilities,1427
26,2,shopping,1044
26,2,travel,1441
26,2,travel,1710
26,2,shopping,1026
26,2,shopping,2464
26,2,food,459
26,2,shopping,2108
26,2,entertainment,586
26,2,travel,1839
26,2,entertainment,1092
26,2,shopping,1626
26,2,food,210
26,2,food,167
26,2,entertainment,868
26,2,food,333
26,2,utilities,1170
26,2,entertainment,919
26,2,shopping,425
26,2,travel,242
26,2,travel,1652
26,2,entertainment,645
26,2,shopping,1751
26,2,shopping,1635
26,2,entertainment,720
26,2,travel,1221
26,2,shopping,941
26,2,entertainment,697
26,2,shopping,1529
26,2,travel,381
26,2,travel,208
26,2,entertainment,661
26,2,shopping,1609
26,2,utilities,1623
26,2,entertainment,584
26,2,utilities,506
26,2,shopping,1776
26,2,food,549
26,2,shopping,2080
26,2,shopping,1518
26,2,food,214
27,1,food,236
27,1,travel,508
27,1,utilities,1120
27,1,food,272
27,1,entertainment,963
27,1,food,524
27,1,travel,1515
27,1,entertainment,837
27,1,food,699
27,1,shopping,1124
27,1,food,138
27,1,shopping,2367
27,1,utilities,874
27,1,utilities,1281
27,1,food,120
27,1,food,424
27,1,food,212
27,1,food,599
27,1,shopping,2452
27,1,entertainment,155
27,1,shopping,1217
27,1,utilities,702
27,1,utilities,1425
27,1,food,642
27,1,travel,1919
27,1,entertainment,308
27,1,travel,640
27,1,shopping,596
27,1,travel,1640
27,2,food,370
27,2,travel,341
27,2,food,301
27,2,utilities,498
27,2,entertainment,892
27,2,travel,221
27,2,travel,1609
27,2,food,564
27,2,utilities,977
27,2,utilities,1077
27,2,entertainment,700
27,2,entertainment,1014
27,2,travel,1305
27,2,entertainment,934
27,2,shopping,1885
27,2,entertainment,989
27,2,shopping,321
27,2,shopping,2352
27,2,travel,1620
27,2,utilities,1172
27,2,shopping,1112
27,2,food,188
27,2,utilities,468
27,2,food,515
27,2,utilities,1064
27,2,entertainment,796
27,2,entertainment,151
27,2,entertainment,1113
27,2,utilities,1101
27,2,utilities,1518
28,1,shopping,1851
28,1,travel,1658
28,1,food,502
28,1,utilities,945
28,1,utilities,1750
28,1,travel,347
28,1,utilities,1760
28,1,shopping,1385
28,1,travel,1922
28,1,entertainment,862
28,1,utilities,1607
28,1,entertainment,603
28,1,shopping,569
28,1,utilities,1145
28,1,utilities,819
28,1,utilities,746
28,1,travel,688
28,1,shopping,924
28,1,entertainment,513
28,1,food,429
28,1,entertainment,890
28,1,entertainment,401
28,1,entertainment,465
28,1,travel,968
28,1,food,473
28,1,travel,1557
28,1,utilities,1467
28,1,travel,1127
28,1,food,381
28,1,entertainment,744
28,1,entertainment,378
28,1,entertainment,1129
28,1,shopping,2419
28,1,shopping,324
28,1,shopping,1802
28,1,entertainment,636
28,1,utilities,1159
28,2,travel,1841
28,2,entertainment,667
28,2,food,669
28,2,shopping,303
28,2,utilities,931
28,2,food,282
28,2,travel,1670
28,2,utilities,962
28,2,travel,723
28,2,shopping,1387
28,2,entertainment,337
28,2,utilities,1702
28,2,entertainment,331
28,2,shopping,825
28,2,entertainment,744
28,2,utilities,1161
28,2,food,553
28,2,entertainment,901
28,2,food,402
28,2,entertainment,1032
28,2,utilities,925
28,2,travel,688
28,2,entertainment,415
28,2,utilities,792
28,2,utilities,1162
28,2,food,308
28,2,travel,1961
28,2,food,181
28,2,entertainment,927
28,2,entertainment,999
28,2,entertainment,202
28,2,food,677
28,2,entertainment,1096
28,2,entertainment,999
28,2,entertainment,510
28,2,food,550
28,2,entertainment,1156
28,2,shopping,2396
28,2,food,337
28,2,shopping,1945
28,2,utilities,483
29,1,utilities,1076
29,1,entertainment,1091
29,1,food,192
29,1,shopping,615
29,1,utilities,431
29,1,food,608
29,1,food,320
29,1,utilities,1330
29,1,food,304
29,1,travel,1188
29,1,food,663
29,1,entertainment,437
29,1,entertainment,252
29,1,shopping,1612
29,1,travel,589
29,1,utilities,412
29,1,shopping,1425
29,1,utilities,937
29,1,food,420
29,1,entertainment,672
29,1,travel,1338
29,1,entertainment,1196
29,1,entertainment,254
29,1,travel,823
29,1,shopping,1857
29,1,entertainment,676
29,1,travel,613
29,1,shopping,513
29,1,shopping,2498
29,1,travel,1150
29,1,entertainment,439
29,1,travel,1841
29,1,travel,610
29,1,entertainment,254
29,2,food,645
29,2,food,518
29,2,utilities,1062
29,2,food,380
29,2,shopping,2098
29,2,travel,610
29,2,shopping,2162
29,2,entertainment,1061
29,2,shopping,1132
29,2,food,284
29,2,entertainment,404
29,2,food,240
29,2,food,609
29,2,shopping,358
29,2,utilities,736
29,2,entertainment,602
29,2,travel,1842
29,2,shopping,2489
29,2,shopping,897
29,2,shopping,2414
29,2,food,576
29,2,food,306
29,2,food,151
29,2,entertainment,608
29,2,travel,1646
29,2,entertainment,1019
29,2,shopping,532
29,2,shopping,471
29,2,shopping,2128
29,2,travel,1752
29,2,shopping,1605
29,2,utilities,715
29,2,travel,728
29,2,travel,1323
29,2,shopping,922
30,1,entertainment,217
30,1,travel,978
30,1,shopping,1492
30,1,shopping,683
30,1,shopping,2202
30,1,shopping,1053
30,1,entertainment,832
30,1,entertainment,384
30,1,food,460
30,1,food,315
30,1,utilities,1477
30,1,food,397
30,1,entertainment,862
30,1,food,608
30,1,food,305
30,1,entertainment,723
30,1,travel,1424
30,1,utilities,1507
30,1,food,306
30,1,shopping,2226
30,1,travel,1772
30,1,shopping,1528
30,1,food,694
30,1,utilities,606
30,1,food,452
30,1,shopping,923
30,1,travel,302
30,1,shopping,1664
30,1,travel,1120
30,1,entertainment,656
30,1,travel,1720
30,1,travel,566
30,2,travel,1856
30,2,food,672
30,2,entertainment,345
30,2,utilities,631
30,2,shopping,1910
30,2,entertainment,223
30,2,food,140
30,2,utilities,1586
30,2,food,522
30,2,shopping,2001
30,2,utilities,1122
30,2,food,483
30,2,shopping,1772
30,2,shopping,668
30,2,travel,210
30,2,entertainment,771
30,2,shopping,1370
30,2,food,209
30,2,shopping,779
30,2,shopping,2332
30,2,travel,1297
30,2,utilities,640
30,2,travel,1158
30,2,shopping,971
30,2,utilities,1496
30,2,food,618
30,2,travel,951
30,2,shopping,1461
31,1,utilities,816
31,1,shopping,1282
31,1,utilities,1427
31,1,shopping,689
31,1,food,208
31,1,food,600
31,1,utilities,831
31,1,shopping,656
31,1,shopping,929
31,1,travel,263
31,1,entertainment,955
31,1,utilities,1461
31,1,food,398
31,1,utilities,647
31,1,food,692
31,1,shopping,1258
31,1,shopping,2401
31,1,food,351
31,1,food,445
31,1,food,142
31,1,shopping,1015
31,1,travel,900
31,1,food,572
31,1,utilities,774
31,1,food,425
31,1,entertainment,983
31,1,food,190
31,1,shopping,906
31,1,utilities,1790
31,1,shopping,919
31,1,travel,1777
31,1,shopping,1134
31,1,shopping,1199
31,1,travel,1651
31,1,food,102
31,1,entertainment,227
31,1,entertainment,825
31,2,utilities,1703
31,2,food,303
31,2,food,474
31,2,entertainment,339
31,2,travel,1393
31,2,shopping,2317
31,2,entertainment,426
31,2,travel,1896
31,2,travel,308
31,2,entertainment,487
31,2,entertainment,940
31,2,utilities,1012
31,2,utilities,1488
31,2,food,169
31,2,travel,1737
31,2,shopping,1283
31,2,shopping,2175
31,2,utilities,884
31,2,entertainment,252
31,2,entertainment,958
31,2,travel,1891
31,2,entertainment,981
31,2,food,333
31,2,travel,1558
31,2,utilities,1273
31,2,travel,209
31,2,travel,1201
32,1,food,213
32,1,entertainment,1007
32,1,entertainment,763
32,1,entertainment,448
32,1,travel,1316
32,1,shopping,640
32,1,travel,1006
32,1,entertainment,216
32,1,travel,887
32,1,food,377
32,1,shopping,2110
32,1,entertainment,645
32,1,food,321
32,1,food,484
32,1,shopping,1896
32,1,travel,881
32,1,shopping,1784
32,1,shopping,1218
32,1,travel,1870
32,1,utilities,1207
32,1,travel,1223
32,1,travel,1994
32,1,utilities,1642
32,1,shopping,964
32,1,entertainment,168
32,1,food,279
32,1,food,351
32,1,entertainment,663
32,1,travel,1584
32,1,food,665
32,1,utilities,1764
32,1,entertainment,426
32,1,travel,1564
32,1,entertainment,305
32,1,utilities,1677
32,1,travel,1109
32,1,travel,805
32,1,travel,825
32,1,entertainment,272
32,1,entertainment,1160
32,1,travel,1616
32,1,food,158
32,1,food,670
32,1,entertainment,1066
32,2,utilities,711
32,2,utilities,1339
32,2,food,433
32,2,entertainment,430
32,2,food,377
32,2,shopping,1068
32,2,utilities,1581
32,2,utilities,495
32,2,entertainment,505
32,2,utilities,1713
32,2,travel,1484
32,2,shopping,1492
32,2,utilities,452
32,2,entertainment,984
32,2,food,489
32,2,entertainment,887
32,2,travel,863
32,2,shopping,2330
32,2,food,645
32,2,travel,486
32,2,shopping,2413
32,2,food,266
32,2,travel,1712
32,2,utilities,749
32,2,travel,309
32,2,utilities,1009
32,2,entertainment,887
32,2,shopping,1415
32,2,travel,1172
32,2,shopping,1614
32,2,entertainment,975
32,2,food,366
32,2,travel,1006
32,2,travel,989
33,1,travel,430
33,1,shopping,2144
33,1,utilities,1236
33,1,shopping,1589
33,1,food,255
33,1,travel,1750
33,1,utilities,1363
33,1,utilities,1773
33,1,entertainment,306
33,1,travel,1002
33,1,travel,1669
33,1,entertainment,740
33,1,food,365
33,1,entertainment,174
33,1,food,644
33,1,utilities,1025
33,1,travel,1433
33,1,travel,743
33,1,shopping,586
33,1,utilities,597
33,1,utilities,1788
33,1,entertainment,377
33,1,travel,539
33,1,shopping,782
33,1,entertainment,957
33,1,travel,1019
33,1,entertainment,1173
33,1,travel,916
33,1,shopping,887
33,1,utilities,1467
33,1,entertainment,741
33,1,shopping,1172
33,1,travel,1596
33,1,food,523
33,1,food,614
33,1,food,687
33,1,shopping,2071
33,1,entertainment,588
33,1,utilities,960
33,1,shopping,919
33,2,shopping,2350
33,2,food,389
33,2,food,490
33,2,travel,468
33,2,entertainment,713
33,2,food,621
33,2,travel,1444
33,2,shopping,1216
33,2,travel,392
33,2,travel,1584
33,2,utilities,561
33,2,travel,247
33,2,utilities,547
33,2,food,432
33,2,shopping,314
33,2,entertainment,434
33,2,entertainment,713
33,2,utilities,521
33,2,entertainment,216
33,2,food,650
33,2,entertainment,376
33,2,entertainment,609
33,2,travel,1489
33,2,travel,877
33,2,utilities,1564
33,2,shopping,1192
33,2,utilities,827
33,2,travel,1919
33,2,utilities,1499
33,2,food,328
33,2,shopping,416
33,2,utilities,948
34,1,travel,329
34,1,travel,1683
34,1,food,698
34,1,food,509
34,1,entertainment,1198
34,1,utilities,1237
34,1,shopping,524
34,1,travel,1288
34,1,travel,1547
34,1,travel,346
34,1,entertainment,423
34,1,entertainment,1079
34,1,utilities,1331
34,1,shopping,1699
34,1,utilities,788
34,1,food,512
34,1,shopping,1457
34,1,shopping,613
34,1,utilities,433
34,1,entertainment,554
34,1,shopping,1387
34,1,shopping,1513
34,1,food,116
34,1,food,462
34,1,shopping,2011
34,1,food,650
34,1,travel,1342
34,1,travel,1485
34,1,shopping,1593
34,1,travel,826
34,1,food,145
34,1,shopping,1755
34,1,entertainment,210
34,1,entertainment,359
34,1,travel,418
34,1,shopping,1790
34,1,entertainment,1145
34,1,food,445
34,2,entertainment,412
34,2,food,640
34,2,utilities,914
34,2,utilities,1196
34,2,shopping,1749
34,2,travel,1544
34,2,food,297
34,2,travel,1869
34,2,utilities,1294
34,2,entertainment,479
34,2,entertainment,424
34,2,shopping,352
34,2,food,319
34,2,utilities,1488
34,2,entertainment,206
34,2,food,188
34,2,entertainment,238
34,2,shopping,2488
34,2,food,431
34,2,travel,1479
34,2,utilities,1345
34,2,entertainment,571
34,2,food,349
34,2,shopping,1752
34,2,entertainment,363
34,2,food,229
34,2,shopping,2102
34,2,entertainment,1050
34,2,food,683
34,2,food,581
34,2,shopping,1939
34,2,shopping,2223
34,2,entertainment,440
34,2,food,609
34,2,utilities,1181
35,1,shopping,1236
35,1,food,501
35,1,utilities,859
35,1,food,348
35,1,food,304
35,1,food,138
35,1,entertainment,249
35,1,entertainment,642
35,1,shopping,481
35,1,utilities,1707
35,1,utilities,1247
35,1,travel,284
35,1,shopping,2216
35,1,food,590
35,1,food,198
35,1,shopping,886
35,1,utilities,733
35,1,utilities,1448
35,1,travel,416
35,1,utilities,1181
35,1,food,173
35,1,food,669
35,1,food,614
35,1,utilities,1669
35,1,utilities,1617
35,1,utilities,558
35,1,food,658
35,2,travel,1136
35,2,entertainment,165
35,2,utilities,827
35,2,food,291
35,2,utilities,1337
35,2,shopping,800
35,2,shopping,2057
35,2,food,188
35,2,utilities,1464
35,2,travel,1587
35,2,food,189
35,2,shopping,715
35,2,food,476
35,2,travel,819
35,2,travel,1761
35,2,travel,502
35,2,entertainment,835
35,2,shopping,328
35,2,food,176
35,2,food,216
35,2,utilities,838
35,2,utilities,1189
35,2,entertainment,984
35,2,utilities,1576
35,2,shopping,626
35,2,food,160
35,2,food,238
35,2,entertainment,262
35,2,shopping,1501
35,2,entertainment,673
35,2,shopping,1334
35,2,travel,1933
35,2,travel,258
35,2,travel,982
35,2,food,266
35,2,entertainment,483
35,2,entertainment,817
35,2,travel,1845
35,2,shopping,353
35,2,entertainment,192
35,2,travel,672
35,2,utilities,1130
35,2,travel,203
35,2,shopping,1703
36,1,utilities,730
36,1,food,136
36,1,travel,1070
36,1,travel,951
36,1,food,650
36,1,food,569
36,1,shopping,1166
36,1,utilities,509
36,1,utilities,901
36,1,entertainment,333
36,1,shopping,1193
36,1,travel,1746
36,1,food,366
36,1,entertainment,392
36,1,shopping,2094
36,1,utilities,740
36,1,travel,1742
36,1,entertainment,658
36,1,travel,726
36,1,food,193
36,1,shopping,1362
36,1,utilities,1743
36,1,utilities,690
36,1,food,169
36,1,entertainment,772
36,1,food,165
36,1,food,648
36,2,food,470
36,2,food,245
36,2,utilities,631
36,2,entertainment,1195
36,2,travel,1775
36,2,entertainment,514
36,2,food,361
36,2,travel,1008
36,2,entertainment,504
36,2,entertainment,344
36,2,entertainment,851
36,2,travel,1904
36,2,shopping,425
36,2,entertainment,613
36,2,food,313
36,2,travel,1573
36,2,travel,768
36,2,utilities,420
36,2,shopping,597
36,2,food,261
36,2,utilities,1038
36,2,travel,569
36,2,food,247
36,2,entertainment,348
36,2,food,492
37,1,food,683
37,1,utilities,857
37,1,food,166
37,1,travel,230
37,1,travel,1946
37,1,shopping,1755
37,1,travel,1310
37,1,shopping,866
37,1,travel,1813
37,1,travel,958
37,1,travel,540
37,1,utilities,1758
37,1,food,354
37,1,shopping,1468
37,1,entertainment,211
37,1,shopping,1094
37,1,shopping,1873
37,1,travel,693
37,1,entertainment,688
37,1,food,151
37,1,food,486
37,1,travel,680
37,1,travel,260
37,1,entertainment,1047
37,1,entertainment,387
37,1,food,570
37,1,utilities,1407
37,1,food,514
37,1,food,596
37,1,entertainment,505
37,1,shopping,2044
37,1,entertainment,274
37,1,food,295
37,2,travel,939
37,2,entertainment,1110
37,2,shopping,1686
37,2,utilities,517
37,2,food,621
37,2,shopping,2282
37,2,shopping,1840
37,2,food,161
37,2,entertainment,264
37,2,shopping,2436
37,2,shopping,2390
37,2,travel,634
37,2,food,185
37,2,entertainment,693
37,2,entertainment,1093
37,2,shopping,604
37,2,entertainment,800
37,2,food,310
37,2,travel,1557
37,2,travel,339
37,2,food,586
37,2,entertainment,676
37,2,shopping,2387
37,2,food,627
37,2,food,581
37,2,food,650
37,2,shopping,2343
38,1,shopping,1792
38,1,shopping,1886
38,1,travel,1716
38,1,food,476
38,1,shopping,1229
38,1,food,569
38,1,food,560
38,1,shopping,447
38,1,travel,1099
38,1,shopping,1084
38,1,travel,1733
38,1,travel,1394
38,1,shopping,571
38,1,entertainment,201
38,1,shopping,351
38,1,travel,1191
38,1,shopping,569
38,1,entertainment,915
38,1,utilities,1407
38,1,shopping,1186
38,1,shopping,2226
38,1,shopping,1569
38,1,entertainment,704
38,1,shopping,1618
38,1,food,516
38,1,shopping,1705
38,1,entertainment,197
38,1,utilities,1165
38,1,shopping,1276
38,1,food,258
38,1,utilities,928
38,1,utilities,1330
38,1,entertainment,941
38,1,shopping,1369
38,1,shopping,793
38,1,travel,1052
38,1,shopping,861
38,1,utilities,677
38,1,utilities,1057
38,1,food,271
38,1,shopping,2031
38,1,shopping,628
38,1,utilities,1326
38,1,entertainment,668
38,2,shopping,917
38,2,travel,1658
38,2,entertainment,344
38,2,food,546
38,2,food,117
38,2,travel,344
38,2,travel,1743
38,2,shopping,866
38,2,entertainment,300
38,2,utilities,1171
38,2,travel,1852
38,2,utilities,1594
38,2,food,556
38,2,shopping,2346
38,2,utilities,1600
38,2,travel,1268
38,2,utilities,794
38,2,entertainment,305
38,2,utilities,918
38,2,utilities,1182
38,2,shopping,1347
38,2,shopping,1987
38,2,travel,1272
38,2,travel,1587
38,2,food,158
38,2,utilities,1797
38,2,entertainment,584
38,2,travel,1837
38,2,food,555
38,2,entertainment,846
38,2,shopping,2206
38,2,travel,1809
38,2,shopping,2063
38,2,food,312
38,2,utilities,1237
38,2,entertainment,424
38,2,shopping,1818
38,2,travel,978
38,2,entertainment,897
38,2,shopping,1211
38,2,shopping,1389
38,2,food,136
38,2,utilities,678
39,1,utilities,1261
39,1,food,580
39,1,utilities,1330
39,1,travel,1381
39,1,utilities,1128
39,1,travel,1642
39,1,entertainment,794
39,1,shopping,2273
39,1,food,264
39,1,entertainment,907
39,1,food,399
39,1,utilities,1714
39,1,shopping,1318
39,1,utilities,802
39,1,travel,1769
39,1,travel,1528
39,1,travel,534
39,1,food,565
39,1,utilities,493
39,1,shopping,361
39,1,utilities,1495
39,1,entertainment,707
39,1,food,171
39,1,food,277
39,1,food,354
39,1,food,277
39,1,shopping,1014
39,1,travel,1656
39,1,shopping,379
39,1,food,216
39,1,food,190
39,1,shopping,908
39,1,entertainment,836
39,1,food,634
39,1,travel,855
39,1,travel,1054
39,1,entertainment,679
39,2,food,185
39,2,travel,532
39,2,travel,387
39,2,food,153
39,2,travel,469
39,2,travel,899
39,2,utilities,1407
39,2,shopping,1071
39,2,utilities,1547
39,2,food,257
39,2,entertainment,938
39,2,travel,1668
39,2,food,334
39,2,travel,1832
39,2,food,583
39,2,food,167
39,2,utilities,711
39,2,shopping,2152
39,2,entertainment,623
39,2,utilities,591
39,2,entertainment,1041
39,2,shopping,353
39,2,shopping,1183
39,2,food,568
39,2,shopping,1358
39,2,utilities,1267
39,2,utilities,1491
39,2,travel,1683
39,2,food,131
39,2,shopping,396
39,2,shopping,2400
39,2,travel,633
39,2,entertainment,543
39,2,shopping,1138
39,2,travel,1556
40,1,shopping,944
40,1,food,331
40,1,entertainment,844
40,1,travel,1012
40,1,travel,1270
40,1,travel,313
40,1,utilities,1046
40,1,food,400
40,1,food,432
40,1,utilities,884
40,1,shopping,1017
40,1,shopping,2191
40,1,food,302
40,1,travel,444
40,1,utilities,1467
40,1,travel,1604
40,1,entertainment,786
40,1,food,208
40,1,food,496
40,1,entertainment,1140
40,1,food,358
40,1,utilities,854
40,1,entertainment,801
40,1,entertainment,1006
40,1,travel,1295
40,1,entertainment,794
40,1,utilities,504
40,1,food,566
40,1,food,385
40,1,shopping,453
40,1,utilities,664
40,1,food,577
40,1,utilities,471
40,2,food,448
40,2,entertainment,325
40,2,shopping,1913
40,2,food,152
40,2,food,394
40,2,shopping,2470
40,2,food,172
40,2,travel,535
40,2,utilities,1636
40,2,entertainment,496
40,2,shopping,1011
40,2,entertainment,1022
40,2,travel,942
40,2,food,348
40,2,entertainment,389
40,2,food,365
40,2,entertainment,1118
40,2,shopping,1057
40,2,utilities,991
40,2,entertainment,955
40,2,shopping,830
40,2,shopping,2311
40,2,food,625
40,2,travel,1842
40,2,shopping,413
40,2,travel,1250
40,2,entertainment,454
40,2,utilities,1057
40,2,travel,553
40,2,travel,1598
40,2,shopping,2013
40,2,food,100
40,2,shopping,1708
40,2,food,360
41,1,food,138
41,1,travel,666
41,1,travel,1877
41,1,travel,949
41,1,travel,967
41,1,utilities,1122
41,1,entertainment,924
41,1,travel,425
41,1,shopping,351
41,1,entertainment,650
41,1,food,275
41,1,shopping,1556
41,1,travel,1233
41,1,travel,979
41,1,entertainment,778
41,1,shopping,1282
41,1,utilities,1088
41,1,food,453
41,1,shopping,1609
41,1,shopping,496
41,1,utilities,1333
41,1,travel,1163
41,1,entertainment,588
41,1,travel,939
41,1,shopping,562
41,1,food,221
41,1,travel,253
41,1,food,332
41,1,travel,344
41,1,utilities,538
41,1,entertainment,257
41,1,shopping,2192
41,1,entertainment,787
41,1,entertainment,924
41,1,travel,1507
41,1,utilities,1363
41,1,travel,906
41,1,travel,1713
41,1,travel,1374
41,1,food,630
41,1,food,595
41,1,entertainment,1002
41,1,food,332
41,1,shopping,1153
41,2,utilities,1143
41,2,food,682
41,2,food,572
41,2,utilities,1565
41,2,entertainment,198
41,2,shopping,2058
41,2,food,288
41,2,utilities,995
41,2,utilities,1130
41,2,food,327
41,2,utilities,518
41,2,shopping,1802
41,2,entertainment,473
41,2,entertainment,307
41,2,entertainment,563
41,2,travel,818
41,2,travel,1255
41,2,shopping,2312
41,2,utilities,1424
41,2,food,246
41,2,utilities,1174
41,2,utilities,736
41,2,shopping,371
41,2,utilities,631
41,2,utilities,1140
41,2,food,156
41,2,shopping,2368
41,2,food,614
41,2,shopping,2392
41,2,entertainment,466
41,2,utilities,837
41,2,shopping,927
41,2,entertainment,212
41,2,entertainment,429
41,2,utilities,930
41,2,utilities,965
42,1,entertainment,593
42,1,utilities,1687
42,1,entertainment,260
42,1,food,105
42,1,travel,1668
42,1,shopping,1270
42,1,utilities,923
42,1,shopping,2416
42,1,shopping,1250
42,1,utilities,758
42,1,shopping,749
42,1,entertainment,592
42,1,travel,1912
42,1,entertainment,1196
42,1,food,600
42,1,food,553
42,1,food,171
42,1,utilities,1787
42,1,entertainment,441
42,1,travel,1142
42,1,shopping,1186
42,1,utilities,1088
42,1,entertainment,652
42,1,shopping,1232
42,1,shopping,1979
42,1,travel,1466
42,1,entertainment,770
42,1,travel,531
42,1,shopping,2124
42,1,food,245
42,1,shopping,1593
42,1,food,616
42,2,shopping,2010
42,2,entertainment,1050
42,2,utilities,1395
42,2,entertainment,717
42,2,entertainment,555
42,2,entertainment,1192
42,2,shopping,2348
42,2,shopping,1254
42,2,food,460
42,2,entertainment,292
42,2,entertainment,355
42,2,travel,1703
42,2,entertainment,837
42,2,travel,1643
42,2,entertainment,461
42,2,entertainment,163
42,2,food,588
42,2,travel,1242
42,2,entertainment,1035
42,2,utilities,1010
42,2,shopping,316
42,2,shopping,1798
42,2,entertainment,818
42,2,utilities,1570
42,2,shopping,1692
42,2,shopping,1948
42,2,shopping,1470
42,2,food,239
42,2,food,430
42,2,entertainment,1052
42,2,entertainment,712
42,2,travel,1267
42,2,food,458
42,2,utilities,1489
43,1,entertainment,388
43,1,travel,721
43,1,entertainment,683
43,1,food,479
43,1,entertainment,287
43,1,travel,1859
43,1,utilities,424
43,1,travel,880
43,1,travel,1882
43,1,entertainment,478
43,1,entertainment,194
43,1,food,297
43,1,shopping,543
43,1,shopping,901
43,1,travel,666
43,1,shopping,535
43,1,entertainment,690
43,1,food,209
43,1,shopping,666
43,1,shopping,2077
43,1,shopping,463
43,1,entertainment,940
43,1,entertainment,340
43,1,shopping,817
43,1,travel,278
43,1,food,157
43,1,shopping,808
43,1,food,122
43,1,travel,1650
43,1,shopping,760
43,1,entertainment,481
43,1,food,285
43,1,shopping,1766
43,1,shopping,1777
43,1,food,544
43,2,entertainment,987
43,2,travel,1113
43,2,shopping,2278
43,2,food,279
43,2,shopping,1036
43,2,shopping,1737
43,2,food,556
43,2,utilities,1674
43,2,food,550
43,2,utilities,1579
43,2,food,562
43,2,entertainment,197
43,2,utilities,1697
43,2,travel,1552
43,2,entertainment,1197
43,2,shopping,497
43,2,utilities,1457
43,2,shopping,2334
43,2,shopping,1870
43,2,shopping,318
43,2,utilities,1454
43,2,food,470
43,2,entertainment,537
43,2,utilities,1179
43,2,entertainment,833
43,2,entertainment,480
43,2,travel,971
43,2,shopping,1401
43,2,shopping,317
43,2,utilities,1068
43,2,travel,1515
43,2,utilities,937
43,2,utilities,1089
43,2,shopping,2301
43,2,travel,1958
44,1,entertainment,245
44,1,shopping,2053
44,1,food,687
44,1,entertainment,752
44,1,utilities,1439
44,1,entertainment,158
44,1,food,236
44,1,food,485
44,1,travel,1995
44,1,food,545
44,1,entertainment,675
44,1,food,559
44,1,travel,399
44,1,food,605
44,1,travel,639
44,1,food,364
44,1,travel,1801
44,1,travel,621
44,1,utilities,1425
44,1,utilities,1273
44,1,utilities,1726
44,1,travel,1134
44,1,travel,1021
44,1,entertainment,392
44,1,food,248
44,1,travel,309
44,1,utilities,1507
44,2,travel,1504
44,2,entertainment,660
44,2,travel,1868
44,2,utilities,468
44,2,entertainment,1128
44,2,food,188
44,2,food,135
44,2,shopping,2202
44,2,utilities,1360
44,2,food,397
44,2,travel,1920
44,2,utilities,779
44,2,shopping,791
44,2,shopping,2348
44,2,travel,888
44,2,shopping,970
44,2,shopping,2241
44,2,shopping,1324
44,2,travel,324
44,2,shopping,959
44,2,utilities,1018
44,2,food,492
44,2,utilities,1679
44,2,entertainment,584
44,2,food,526
44,2,entertainment,790
44,2,food,492
44,2,shopping,2197
44,2,entertainment,551
45,1,shopping,2432
45,1,food,667
45,1,travel,1029
45,1,shopping,861
45,1,entertainment,1111
45,1,entertainment,698
45,1,utilities,1152
45,1,food,667
45,1,entertainment,822
45,1,shopping,1704
45,1,food,476
45,1,entertainment,379
45,1,shopping,2342
45,1,utilities,978
45,1,travel,988
45,1,utilities,1521
45,1,shopping,1585
45,1,food,425
45,1,shopping,2177
45,1,food,391
45,1,entertainment,906
45,1,utilities,1142
45,1,entertainment,555
45,1,utilities,1761
45,1,shopping,1775
45,1,shopping,1079
45,1,travel,800
45,1,shopping,563
45,1,entertainment,170
45,1,shopping,590
45,1,shopping,2409
45,1,utilities,1756
45,1,food,342
45,2,travel,406
45,2,shopping,307
45,2,travel,300
45,2,entertainment,329
45,2,travel,841
45,2,utilities,418
45,2,utilities,1251
45,2,travel,1654
45,2,utilities,1491
45,2,shopping,353
45,2,utilities,815
45,2,shopping,1218
45,2,food,315
45,2,food,373
45,2,utilities,1455
45,2,travel,1582
45,2,entertainment,979
45,2,food,168
45,2,utilities,1269
45,2,food,376
45,2,utilities,702
45,2,entertainment,895
45,2,food,127
45,2,food,537
45,2,utilities,1488
45,2,entertainment,479
45,2,travel,1686
45,2,travel,1328
46,1,travel,957
46,1,travel,1313
46,1,shopping,965
46,1,shopping,921
46,1,shopping,752
46,1,utilities,655
46,1,shopping,1566
46,1,utilities,1561
46,1,utilities,596
46,1,utilities,1416
46,1,entertainment,1098
46,1,utilities,430
46,1,food,341
46,1,entertainment,437
46,1,shopping,323
46,1,shopping,1763
46,1,shopping,679
46,1,entertainment,943
46,1,entertainment,837
46,1,entertainment,235
46,1,shopping,500
46,1,entertainment,1180
46,1,shopping,454
46,1,utilities,770
46,1,shopping,584
46,1,travel,368
46,1,travel,1745
46,1,food,446
46,1,food,533
46,2,food,624
46,2,entertainment,650
46,2,shopping,1004
46,2,travel,1084
46,2,travel,417
46,2,utilities,1278
46,2,shopping,486
46,2,entertainment,400
46,2,shopping,539
46,2,travel,1238
46,2,food,443
46,2,food,204
46,2,utilities,791
46,2,utilities,1228
46,2,shopping,1237
46,2,shopping,2074
46,2,travel,1554
46,2,entertainment,337
46,2,shopping,2213
46,2,food,328
46,2,entertainment,356
46,2,shopping,1970
46,2,food,649
46,2,travel,946
46,2,travel,708
46,2,travel,1554
46,2,travel,655
46,2,food,510
46,2,entertainment,1032
46,2,food,259
46,2,food,172
46,2,food,656
46,2,shopping,1377
46,2,food,491
47,1,entertainment,668
47,1,shopping,706
47,1,entertainment,1067
47,1,travel,329
47,1,utilities,1369
47,1,shopping,878
47,1,food,595
47,1,entertainment,410
47,1,food,289
47,1,utilities,492
47,1,food,215
47,1,travel,691
47,1,food,326
47,1,utilities,949
47,1,travel,549
47,1,travel,1032
47,1,travel,531
47,1,entertainment,1046
47,1,shopping,314
47,1,shopping,674
47,1,utilities,1282
47,1,shopping,936
47,1,travel,1668
47,1,food,217
47,1,entertainment,338
47,1,shopping,314
47,1,shopping,473
47,1,travel,372
47,1,travel,1408
47,1,travel,1934
47,1,utilities,1604
47,1,entertainment,552
47,1,travel,1262
47,1,shopping,2278
47,1,travel,458
47,1,travel,926
47,1,utilities,1545
47,1,utilities,855
47,1,utilities,968
47,1,utilities,663
47,1,utilities,445
47,2,entertainment,529
47,2,food,644
47,2,travel,764
47,2,food,556
47,2,travel,1259
47,2,entertainment,659
47,2,utilities,1511
47,2,entertainment,744
47,2,travel,1023
47,2,food,362
47,2,entertainment,806
47,2,shopping,2151
47,2,travel,1652
47,2,travel,1131
47,2,travel,376
47,2,travel,1701
47,2,shopping,1257
47,2,entertainment,673
47,2,travel,1620
47,2,food,379
47,2,utilities,524
47,2,travel,938
47,2,entertainment,216
47,2,entertainment,775
47,2,shopping,1694
47,2,travel,1167
47,2,food,290
47,2,entertainment,359
47,2,travel,603
47,2,travel,1197
47,2,food,234
47,2,travel,1938
47,2,entertainment,1049
47,2,travel,1062
47,2,shopping,1586
47,2,shopping,1051
47,2,shopping,1742
47,2,travel,324
48,1,travel,275
48,1,shopping,520
48,1,entertainment,1018
48,1,shopping,923
48,1,travel,1242
48,1,food,214
48,1,travel,1100
48,1,utilities,1214
48,1,utilities,922
48,1,food,501
48,1,entertainment,530
48,1,entertainment,172
48,1,travel,433
48,1,travel,881
48,1,shopping,443
48,1,utilities,785
48,1,shopping,383
48,1,utilities,1781
48,1,utilities,1651
48,1,shopping,1503
48,1,food,304
48,1,shopping,1255
48,1,entertainment,809
48,1,food,137
48,1,utilities,1066
48,1,utilities,1719
48,1,utilities,584
48,1,utilities,1342
48,1,food,343
48,1,shopping,2104
48,1,travel,1052
48,1,travel,231
48,2,food,439
48,2,entertainment,642
48,2,entertainment,648
48,2,travel,1402
48,2,shopping,1845
48,2,food,632
48,2,utilities,1022
48,2,travel,1161
48,2,entertainment,1108
48,2,food,155
48,2,entertainment,1096
48,2,shopping,1017
48,2,utilities,1361
48,2,utilities,1193
48,2,shopping,728
48,2,travel,1753
48,2,entertainment,336
48,2,travel,1145
48,2,shopping,308
48,2,food,195
48,2,food,288
48,2,travel,209
48,2,entertainment,990
48,2,utilities,1332
48,2,travel,1637
48,2,travel,1256
48,2,travel,1660
48,2,shopping,710
48,2,utilities,1481
48,2,entertainment,383
48,2,travel,794
48,2,utilities,829
49,1,entertainment,882
49,1,travel,1432
49,1,utilities,1545
49,1,utilities,961
49,1,travel,1759
49,1,food,478
49,1,food,474
49,1,utilities,1714
49,1,travel,481
49,1,travel,1580
49,1,food,446
49,1,shopping,2009
49,1,food,469
49,1,shopping,1946
49,1,food,265
49,1,shopping,2477
49,1,entertainment,888
49,1,entertainment,679
49,1,shopping,1005
49,1,entertainment,487
49,1,travel,1869
49,1,food,129
49,1,entertainment,599
49,1,travel,1597
49,1,entertainment,236
49,1,entertainment,1117
49,1,shopping,1008
49,1,food,278
49,1,shopping,1359
49,1,utilities,678
49,1,utilities,751
49,1,utilities,1043
49,2,utilities,1494
49,2,shopping,2279
49,2,utilities,627
49,2,shopping,1421
49,2,travel,816
49,2,shopping,1210
49,2,entertainment,804
49,2,utilities,658
49,2,travel,1210
49,2,entertainment,486
49,2,food,209
49,2,food,133
49,2,utilities,1448
49,2,shopping,1395
49,2,food,281
49,2,utilities,447
49,2,food,335
49,2,entertainment,328
49,2,entertainment,638
49,2,shopping,1131
49,2,travel,1499
49,2,travel,1435
49,2,food,234
49,2,travel,963
49,2,food,173
49,2,food,223
49,2,food,263
49,2,travel,1575
49,2,travel,815
49,2,food,309
49,2,entertainment,725
49,2,utilities,411
49,2,food,393
49,2,shopping,1561
50,1,utilities,1391
50,1,utilities,1630
50,1,shopping,1864
50,1,utilities,1350
50,1,entertainment,1083
50,1,shopping,1202
50,1,travel,754
50,1,utilities,907
50,1,shopping,1551
50,1,entertainment,243
50,1,shopping,689
50,1,shopping,2101
50,1,travel,1145
50,1,utilities,1112
50,1,utilities,1392
50,1,food,465
50,1,entertainment,579
50,1,shopping,1723
50,1,entertainment,981
50,1,shopping,2448
50,1,shopping,2041
50,1,shopping,2232
50,1,utilities,829
50,1,shopping,1318
50,1,travel,1369
50,1,food,370
50,1,travel,913
50,2,food,593
50,2,travel,971
50,2,utilities,1585
50,2,shopping,1593
50,2,entertainment,153
50,2,travel,720
50,2,shopping,813
50,2,shopping,1496
50,2,food,545
50,2,entertainment,1044
50,2,entertainment,537
50,2,food,259
50,2,entertainment,502
50,2,utilities,705
50,2,travel,652
50,2,entertainment,944
50,2,travel,504
50,2,food,287
50,2,utilities,789
50,2,shopping,2245
50,2,utilities,1501
50,2,shopping,2100
50,2,utilities,1395
50,2,food,117
50,2,shopping,2119
50,2,food,683
50,2,food,650
50,2,entertainment,595
50,2,travel,1491
50,2,utilities,867
50,2,utilities,752
50,2,travel,961
50,2,food,591
50,2,food,261
50,2,travel,514
50,2,travel,1327
50,2,food,161
50,2,utilities,503
50,2,shopping,1317
50,2,shopping,644
50,2,travel,717
50,2,food,369
50,2,entertainment,523
50,2,travel,200
50,2,travel,1145
